Domain,Category,SEO_Title,SEO_Description,Meta_Description
PreciseTutor.com,brandable_general,PreciseTutor.com – प्रीमियम ब्रांड नाम (Brandable General),"PreciseTutor.com ब्रेंडेबल, छोटा नाम, यादगार के लिए उपयुक्त प्रीमियम डोमेन है। छोटा, यादगार और SEO‑अनुकूल — ऑर्गैनिक ग्रोथ और विश्वसनीयता के लिए उत्कृष्ट.","PreciseTutor.com: ब्रेंडेबल, छोटा नाम और यादगार के लिए प्रीमियम नाम — छोटा, यादगार, SEO‑अनुकूल."
Nilufer.org,brandable_general,Nilufer.org – प्रीमियम ब्रांड नाम (Brandable General),"Nilufer.org ब्रेंडेबल, छोटा नाम, यादगार के लिए उपयुक्त प्रीमियम डोमेन है। छोटा, यादगार और SEO‑अनुकूल — ऑर्गैनिक ग्रोथ और विश्वसनीयता के लिए उत्कृष्ट.","Nilufer.org: ब्रेंडेबल, छोटा नाम और यादगार के लिए प्रीमियम नाम — छोटा, यादगार, SEO‑अनुकूल."
NIFE.net,brandable_general,NIFE.net – प्रीमियम ब्रांड नाम (Brandable General),"NIFE.net ब्रेंडेबल, छोटा नाम, यादगार के लिए उपयुक्त प्रीमियम डोमेन है। छोटा, यादगार और SEO‑अनुकूल — ऑर्गैनिक ग्रोथ और विश्वसनीयता के लिए उत्कृष्ट.","NIFE.net: ब्रेंडेबल, छोटा नाम और यादगार के लिए प्रीमियम नाम — छोटा, यादगार, SEO‑अनुकूल."
SUAT.net,brandable_general,SUAT.net – प्रीमियम ब्रांड नाम (Brandable General),"SUAT.net ब्रेंडेबल, छोटा नाम, यादगार के लिए उपयुक्त प्रीमियम डोमेन है। छोटा, यादगार और SEO‑अनुकूल — ऑर्गैनिक ग्रोथ और विश्वसनीयता के लिए उत्कृष्ट.","SUAT.net: ब्रेंडेबल, छोटा नाम और यादगार के लिए प्रीमियम नाम — छोटा, यादगार, SEO‑अनुकूल."
WordyPool.com,brandable_general,WordyPool.com – प्रीमियम ब्रांड नाम (Brandable General),"WordyPool.com ब्रेंडेबल, छोटा नाम, यादगार के लिए उपयुक्त प्रीमियम डोमेन है। छोटा, यादगार और SEO‑अनुकूल — ऑर्गैनिक ग्रोथ और विश्वसनीयता के लिए उत्कृष्ट.","WordyPool.com: ब्रेंडेबल, छोटा नाम और यादगार के लिए प्रीमियम नाम — छोटा, यादगार, SEO‑अनुकूल."
EntryOL.com,trend_analytics,EntryOL.com – प्रीमियम ब्रांड नाम (Trend Analytics),"EntryOL.com एनालिटिक्स, डेटा, ट्रेंड्स के लिए उपयुक्त प्रीमियम डोमेन है। छोटा, यादगार और SEO‑अनुकूल — ऑर्गैनिक ग्रोथ और विश्वसनीयता के लिए उत्कृष्ट.","EntryOL.com: एनालिटिक्स, डेटा और ट्रेंड्स के लिए प्रीमियम नाम — छोटा, यादगार, SEO‑अनुकूल."
NewsPrivate.com,brandable_general,NewsPrivate.com – प्रीमियम ब्रांड नाम (Brandable General),"NewsPrivate.com ब्रेंडेबल, छोटा नाम, यादगार के लिए उपयुक्त प्रीमियम डोमेन है। छोटा, यादगार और SEO‑अनुकूल — ऑर्गैनिक ग्रोथ और विश्वसनीयता के लिए उत्कृष्ट.","NewsPrivate.com: ब्रेंडेबल, छोटा नाम और यादगार के लिए प्रीमियम नाम — छोटा, यादगार, SEO‑अनुकूल."
TalkInHealth.com,brandable_general,TalkInHealth.com – प्रीमियम ब्रांड नाम (Brandable General),"TalkInHealth.com ब्रेंडेबल, छोटा नाम, यादगार के लिए उपयुक्त प्रीमियम डोमेन है। छोटा, यादगार और SEO‑अनुकूल — ऑर्गैनिक ग्रोथ और विश्वसनीयता के लिए उत्कृष्ट.","TalkInHealth.com: ब्रेंडेबल, छोटा नाम और यादगार के लिए प्रीमियम नाम — छोटा, यादगार, SEO‑अनुकूल."
Kontenjan.com,brandable_general,Kontenjan.com – प्रीमियम ब्रांड नाम (Brandable General),"Kontenjan.com ब्रेंडेबल, छोटा नाम, यादगार के लिए उपयुक्त प्रीमियम डोमेन है। छोटा, यादगार और SEO‑अनुकूल — ऑर्गैनिक ग्रोथ और विश्वसनीयता के लिए उत्कृष्ट.","Kontenjan.com: ब्रेंडेबल, छोटा नाम और यादगार के लिए प्रीमियम नाम — छोटा, यादगार, SEO‑अनुकूल."
Beyrout.com,brandable_general,Beyrout.com – प्रीमियम ब्रांड नाम (Brandable General),"Beyrout.com ब्रेंडेबल, छोटा नाम, यादगार के लिए उपयुक्त प्रीमियम डोमेन है। छोटा, यादगार और SEO‑अनुकूल — ऑर्गैनिक ग्रोथ और विश्वसनीयता के लिए उत्कृष्ट.","Beyrout.com: ब्रेंडेबल, छोटा नाम और यादगार के लिए प्रीमियम नाम — छोटा, यादगार, SEO‑अनुकूल."
LineHaber.com,brandable_general,LineHaber.com – प्रीमियम ब्रांड नाम (Brandable General),"LineHaber.com ब्रेंडेबल, छोटा नाम, यादगार के लिए उपयुक्त प्रीमियम डोमेन है। छोटा, यादगार और SEO‑अनुकूल — ऑर्गैनिक ग्रोथ और विश्वसनीयता के लिए उत्कृष्ट.","LineHaber.com: ब्रेंडेबल, छोटा नाम और यादगार के लिए प्रीमियम नाम — छोटा, यादगार, SEO‑अनुकूल."
ForDiver.com,brandable_general,ForDiver.com – प्रीमियम ब्रांड नाम (Brandable General),"ForDiver.com ब्रेंडेबल, छोटा नाम, यादगार के लिए उपयुक्त प्रीमियम डोमेन है। छोटा, यादगार और SEO‑अनुकूल — ऑर्गैनिक ग्रोथ और विश्वसनीयता के लिए उत्कृष्ट.","ForDiver.com: ब्रेंडेबल, छोटा नाम और यादगार के लिए प्रीमियम नाम — छोटा, यादगार, SEO‑अनुकूल."
Layusel.com,brandable_general,Layusel.com – प्रीमियम ब्रांड नाम (Brandable General),"Layusel.com ब्रेंडेबल, छोटा नाम, यादगार के लिए उपयुक्त प्रीमियम डोमेन है। छोटा, यादगार और SEO‑अनुकूल — ऑर्गैनिक ग्रोथ और विश्वसनीयता के लिए उत्कृष्ट.","Layusel.com: ब्रेंडेबल, छोटा नाम और यादगार के लिए प्रीमियम नाम — छोटा, यादगार, SEO‑अनुकूल."
SoloTat.com,brandable_general,SoloTat.com – प्रीमियम ब्रांड नाम (Brandable General),"SoloTat.com ब्रेंडेबल, छोटा नाम, यादगार के लिए उपयुक्त प्रीमियम डोमेन है। छोटा, यादगार और SEO‑अनुकूल — ऑर्गैनिक ग्रोथ और विश्वसनीयता के लिए उत्कृष्ट.","SoloTat.com: ब्रेंडेबल, छोटा नाम और यादगार के लिए प्रीमियम नाम — छोटा, यादगार, SEO‑अनुकूल."
Nesnelita.com,brandable_general,Nesnelita.com – प्रीमियम ब्रांड नाम (Brandable General),"Nesnelita.com ब्रेंडेबल, छोटा नाम, यादगार के लिए उपयुक्त प्रीमियम डोमेन है। छोटा, यादगार और SEO‑अनुकूल — ऑर्गैनिक ग्रोथ और विश्वसनीयता के लिए उत्कृष्ट.","Nesnelita.com: ब्रेंडेबल, छोटा नाम और यादगार के लिए प्रीमियम नाम — छोटा, यादगार, SEO‑अनुकूल."
ChimeSweeps.com,brandable_general,ChimeSweeps.com – प्रीमियम ब्रांड नाम (Brandable General),"ChimeSweeps.com ब्रेंडेबल, छोटा नाम, यादगार के लिए उपयुक्त प्रीमियम डोमेन है। छोटा, यादगार और SEO‑अनुकूल — ऑर्गैनिक ग्रोथ और विश्वसनीयता के लिए उत्कृष्ट.","ChimeSweeps.com: ब्रेंडेबल, छोटा नाम और यादगार के लिए प्रीमियम नाम — छोटा, यादगार, SEO‑अनुकूल."
Joker.menu,brandable_general,Joker.menu – प्रीमियम ब्रांड नाम (Brandable General),"Joker.menu ब्रेंडेबल, छोटा नाम, यादगार के लिए उपयुक्त प्रीमियम डोमेन है। छोटा, यादगार और SEO‑अनुकूल — ऑर्गैनिक ग्रोथ और विश्वसनीयता के लिए उत्कृष्ट.","Joker.menu: ब्रेंडेबल, छोटा नाम और यादगार के लिए प्रीमियम नाम — छोटा, यादगार, SEO‑अनुकूल."
Kulakizi.com,brandable_general,Kulakizi.com – प्रीमियम ब्रांड नाम (Brandable General),"Kulakizi.com ब्रेंडेबल, छोटा नाम, यादगार के लिए उपयुक्त प्रीमियम डोमेन है। छोटा, यादगार और SEO‑अनुकूल — ऑर्गैनिक ग्रोथ और विश्वसनीयता के लिए उत्कृष्ट.","Kulakizi.com: ब्रेंडेबल, छोटा नाम और यादगार के लिए प्रीमियम नाम — छोटा, यादगार, SEO‑अनुकूल."
ElitAnne.com,brandable_general,ElitAnne.com – प्रीमियम ब्रांड नाम (Brandable General),"ElitAnne.com ब्रेंडेबल, छोटा नाम, यादगार के लिए उपयुक्त प्रीमियम डोमेन है। छोटा, यादगार और SEO‑अनुकूल — ऑर्गैनिक ग्रोथ और विश्वसनीयता के लिए उत्कृष्ट.","ElitAnne.com: ब्रेंडेबल, छोटा नाम और यादगार के लिए प्रीमियम नाम — छोटा, यादगार, SEO‑अनुकूल."
Contactless.live,brandable_general,Contactless.live – प्रीमियम ब्रांड नाम (Brandable General),"Contactless.live ब्रेंडेबल, छोटा नाम, यादगार के लिए उपयुक्त प्रीमियम डोमेन है। छोटा, यादगार और SEO‑अनुकूल — ऑर्गैनिक ग्रोथ और विश्वसनीयता के लिए उत्कृष्ट.","Contactless.live: ब्रेंडेबल, छोटा नाम और यादगार के लिए प्रीमियम नाम — छोटा, यादगार, SEO‑अनुकूल."
OnlyMyTime.com,brandable_general,OnlyMyTime.com – प्रीमियम ब्रांड नाम (Brandable General),"OnlyMyTime.com ब्रेंडेबल, छोटा नाम, यादगार के लिए उपयुक्त प्रीमियम डोमेन है। छोटा, यादगार और SEO‑अनुकूल — ऑर्गैनिक ग्रोथ और विश्वसनीयता के लिए उत्कृष्ट.","OnlyMyTime.com: ब्रेंडेबल, छोटा नाम और यादगार के लिए प्रीमियम नाम — छोटा, यादगार, SEO‑अनुकूल."
VitrinIstanbul.com,brandable_general,VitrinIstanbul.com – प्रीमियम ब्रांड नाम (Brandable General),"VitrinIstanbul.com ब्रेंडेबल, छोटा नाम, यादगार के लिए उपयुक्त प्रीमियम डोमेन है। छोटा, यादगार और SEO‑अनुकूल — ऑर्गैनिक ग्रोथ और विश्वसनीयता के लिए उत्कृष्ट.","VitrinIstanbul.com: ब्रेंडेबल, छोटा नाम और यादगार के लिए प्रीमियम नाम — छोटा, यादगार, SEO‑अनुकूल."
BrainsColors.com,brand_agency,BrainsColors.com – प्रीमियम ब्रांड नाम (Brand Agency),"BrainsColors.com branding, agency, creative के लिए उपयुक्त प्रीमियम डोमेन है। छोटा, यादगार और SEO‑अनुकूल — ऑर्गैनिक ग्रोथ और विश्वसनीयता के लिए उत्कृष्ट.","BrainsColors.com: branding, agency और creative के लिए प्रीमियम नाम — छोटा, यादगार, SEO‑अनुकूल."
GetToTT.com,brandable_general,GetToTT.com – प्रीमियम ब्रांड नाम (Brandable General),"GetToTT.com ब्रेंडेबल, छोटा नाम, यादगार के लिए उपयुक्त प्रीमियम डोमेन है। छोटा, यादगार और SEO‑अनुकूल — ऑर्गैनिक ग्रोथ और विश्वसनीयता के लिए उत्कृष्ट.","GetToTT.com: ब्रेंडेबल, छोटा नाम और यादगार के लिए प्रीमियम नाम — छोटा, यादगार, SEO‑अनुकूल."
ToggPacific.com,brandable_general,ToggPacific.com – प्रीमियम ब्रांड नाम (Brandable General),"ToggPacific.com ब्रेंडेबल, छोटा नाम, यादगार के लिए उपयुक्त प्रीमियम डोमेन है। छोटा, यादगार और SEO‑अनुकूल — ऑर्गैनिक ग्रोथ और विश्वसनीयता के लिए उत्कृष्ट.","ToggPacific.com: ब्रेंडेबल, छोटा नाम और यादगार के लिए प्रीमियम नाम — छोटा, यादगार, SEO‑अनुकूल."
BigGaga.com,brandable_general,BigGaga.com – प्रीमियम ब्रांड नाम (Brandable General),"BigGaga.com ब्रेंडेबल, छोटा नाम, यादगार के लिए उपयुक्त प्रीमियम डोमेन है। छोटा, यादगार और SEO‑अनुकूल — ऑर्गैनिक ग्रोथ और विश्वसनीयता के लिए उत्कृष्ट.","BigGaga.com: ब्रेंडेबल, छोटा नाम और यादगार के लिए प्रीमियम नाम — छोटा, यादगार, SEO‑अनुकूल."
BackStamp.co,brandable_general,BackStamp.co – प्रीमियम ब्रांड नाम (Brandable General),"BackStamp.co ब्रेंडेबल, छोटा नाम, यादगार के लिए उपयुक्त प्रीमियम डोमेन है। छोटा, यादगार और SEO‑अनुकूल — ऑर्गैनिक ग्रोथ और विश्वसनीयता के लिए उत्कृष्ट.","BackStamp.co: ब्रेंडेबल, छोटा नाम और यादगार के लिए प्रीमियम नाम — छोटा, यादगार, SEO‑अनुकूल."
BoldLend.co,brandable_general,BoldLend.co – प्रीमियम ब्रांड नाम (Brandable General),"BoldLend.co ब्रेंडेबल, छोटा नाम, यादगार के लिए उपयुक्त प्रीमियम डोमेन है। छोटा, यादगार और SEO‑अनुकूल — ऑर्गैनिक ग्रोथ और विश्वसनीयता के लिए उत्कृष्ट.","BoldLend.co: ब्रेंडेबल, छोटा नाम और यादगार के लिए प्रीमियम नाम — छोटा, यादगार, SEO‑अनुकूल."
EliteComfort.co,nature_green,EliteComfort.co – प्रीमियम ब्रांड नाम (Nature Green),"EliteComfort.co सस्टेनेबिलिटी, ईको, नेचर के लिए उपयुक्त प्रीमियम डोमेन है। छोटा, यादगार और SEO‑अनुकूल — ऑर्गैनिक ग्रोथ और विश्वसनीयता के लिए उत्कृष्ट.","EliteComfort.co: सस्टेनेबिलिटी, ईको और नेचर के लिए प्रीमियम नाम — छोटा, यादगार, SEO‑अनुकूल."
FaceRepair.co,brandable_general,FaceRepair.co – प्रीमियम ब्रांड नाम (Brandable General),"FaceRepair.co ब्रेंडेबल, छोटा नाम, यादगार के लिए उपयुक्त प्रीमियम डोमेन है। छोटा, यादगार और SEO‑अनुकूल — ऑर्गैनिक ग्रोथ और विश्वसनीयता के लिए उत्कृष्ट.","FaceRepair.co: ब्रेंडेबल, छोटा नाम और यादगार के लिए प्रीमियम नाम — छोटा, यादगार, SEO‑अनुकूल."
GeniusBee.co,brand_agency,GeniusBee.co – प्रीमियम ब्रांड नाम (Brand Agency),"GeniusBee.co branding, agency, creative के लिए उपयुक्त प्रीमियम डोमेन है। छोटा, यादगार और SEO‑अनुकूल — ऑर्गैनिक ग्रोथ और विश्वसनीयता के लिए उत्कृष्ट.","GeniusBee.co: branding, agency और creative के लिए प्रीमियम नाम — छोटा, यादगार, SEO‑अनुकूल."
MultiMile.co,brandable_general,MultiMile.co – प्रीमियम ब्रांड नाम (Brandable General),"MultiMile.co ब्रेंडेबल, छोटा नाम, यादगार के लिए उपयुक्त प्रीमियम डोमेन है। छोटा, यादगार और SEO‑अनुकूल — ऑर्गैनिक ग्रोथ और विश्वसनीयता के लिए उत्कृष्ट.","MultiMile.co: ब्रेंडेबल, छोटा नाम और यादगार के लिए प्रीमियम नाम — छोटा, यादगार, SEO‑अनुकूल."
NurseWorks.co,brandable_general,NurseWorks.co – प्रीमियम ब्रांड नाम (Brandable General),"NurseWorks.co ब्रेंडेबल, छोटा नाम, यादगार के लिए उपयुक्त प्रीमियम डोमेन है। छोटा, यादगार और SEO‑अनुकूल — ऑर्गैनिक ग्रोथ और विश्वसनीयता के लिए उत्कृष्ट.","NurseWorks.co: ब्रेंडेबल, छोटा नाम और यादगार के लिए प्रीमियम नाम — छोटा, यादगार, SEO‑अनुकूल."
PeakBuilt.co,brandable_general,PeakBuilt.co – प्रीमियम ब्रांड नाम (Brandable General),"PeakBuilt.co ब्रेंडेबल, छोटा नाम, यादगार के लिए उपयुक्त प्रीमियम डोमेन है। छोटा, यादगार और SEO‑अनुकूल — ऑर्गैनिक ग्रोथ और विश्वसनीयता के लिए उत्कृष्ट.","PeakBuilt.co: ब्रेंडेबल, छोटा नाम और यादगार के लिए प्रीमियम नाम — छोटा, यादगार, SEO‑अनुकूल."
PublicClinic.co,brandable_general,PublicClinic.co – प्रीमियम ब्रांड नाम (Brandable General),"PublicClinic.co ब्रेंडेबल, छोटा नाम, यादगार के लिए उपयुक्त प्रीमियम डोमेन है। छोटा, यादगार और SEO‑अनुकूल — ऑर्गैनिक ग्रोथ और विश्वसनीयता के लिए उत्कृष्ट.","PublicClinic.co: ब्रेंडेबल, छोटा नाम और यादगार के लिए प्रीमियम नाम — छोटा, यादगार, SEO‑अनुकूल."
ShoeSpot.co,brandable_general,ShoeSpot.co – प्रीमियम ब्रांड नाम (Brandable General),"ShoeSpot.co ब्रेंडेबल, छोटा नाम, यादगार के लिए उपयुक्त प्रीमियम डोमेन है। छोटा, यादगार और SEO‑अनुकूल — ऑर्गैनिक ग्रोथ और विश्वसनीयता के लिए उत्कृष्ट.","ShoeSpot.co: ब्रेंडेबल, छोटा नाम और यादगार के लिए प्रीमियम नाम — छोटा, यादगार, SEO‑अनुकूल."
SmartWarranty.co,warranty,SmartWarranty.co – प्रीमियम ब्रांड नाम (Warranty),"SmartWarranty.co वारंटी, विस्तारित सुरक्षा, कवरेज के लिए उपयुक्त प्रीमियम डोमेन है। छोटा, यादगार और SEO‑अनुकूल — ऑर्गैनिक ग्रोथ और विश्वसनीयता के लिए उत्कृष्ट.","SmartWarranty.co: वारंटी, विस्तारित सुरक्षा और कवरेज के लिए प्रीमियम नाम — छोटा, यादगार, SEO‑अनुकूल."
SolarCharging.co,brandable_general,SolarCharging.co – प्रीमियम ब्रांड नाम (Brandable General),"SolarCharging.co ब्रेंडेबल, छोटा नाम, यादगार के लिए उपयुक्त प्रीमियम डोमेन है। छोटा, यादगार और SEO‑अनुकूल — ऑर्गैनिक ग्रोथ और विश्वसनीयता के लिए उत्कृष्ट.","SolarCharging.co: ब्रेंडेबल, छोटा नाम और यादगार के लिए प्रीमियम नाम — छोटा, यादगार, SEO‑अनुकूल."
SpaTreatments.co,brandable_general,SpaTreatments.co – प्रीमियम ब्रांड नाम (Brandable General),"SpaTreatments.co ब्रेंडेबल, छोटा नाम, यादगार के लिए उपयुक्त प्रीमियम डोमेन है। छोटा, यादगार और SEO‑अनुकूल — ऑर्गैनिक ग्रोथ और विश्वसनीयता के लिए उत्कृष्ट.","SpaTreatments.co: ब्रेंडेबल, छोटा नाम और यादगार के लिए प्रीमियम नाम — छोटा, यादगार, SEO‑अनुकूल."
SuitStore.co,brandable_general,SuitStore.co – प्रीमियम ब्रांड नाम (Brandable General),"SuitStore.co ब्रेंडेबल, छोटा नाम, यादगार के लिए उपयुक्त प्रीमियम डोमेन है। छोटा, यादगार और SEO‑अनुकूल — ऑर्गैनिक ग्रोथ और विश्वसनीयता के लिए उत्कृष्ट.","SuitStore.co: ब्रेंडेबल, छोटा नाम और यादगार के लिए प्रीमियम नाम — छोटा, यादगार, SEO‑अनुकूल."
VirtualSight.co,brandable_general,VirtualSight.co – प्रीमियम ब्रांड नाम (Brandable General),"VirtualSight.co ब्रेंडेबल, छोटा नाम, यादगार के लिए उपयुक्त प्रीमियम डोमेन है। छोटा, यादगार और SEO‑अनुकूल — ऑर्गैनिक ग्रोथ और विश्वसनीयता के लिए उत्कृष्ट.","VirtualSight.co: ब्रेंडेबल, छोटा नाम और यादगार के लिए प्रीमियम नाम — छोटा, यादगार, SEO‑अनुकूल."
TriedCarrier.com,logistics_transport,TriedCarrier.com – प्रीमियम ब्रांड नाम (Logistics Transport),"TriedCarrier.com लॉजिस्टिक्स, कैरियर, फ्लीट के लिए उपयुक्त प्रीमियम डोमेन है। छोटा, यादगार और SEO‑अनुकूल — ऑर्गैनिक ग्रोथ और विश्वसनीयता के लिए उत्कृष्ट.","TriedCarrier.com: लॉजिस्टिक्स, कैरियर और फ्लीट के लिए प्रीमियम नाम — छोटा, यादगार, SEO‑अनुकूल."
TriedDelivery.com,brandable_general,TriedDelivery.com – प्रीमियम ब्रांड नाम (Brandable General),"TriedDelivery.com ब्रेंडेबल, छोटा नाम, यादगार के लिए उपयुक्त प्रीमियम डोमेन है। छोटा, यादगार और SEO‑अनुकूल — ऑर्गैनिक ग्रोथ और विश्वसनीयता के लिए उत्कृष्ट.","TriedDelivery.com: ब्रेंडेबल, छोटा नाम और यादगार के लिए प्रीमियम नाम — छोटा, यादगार, SEO‑अनुकूल."
Lebabet.com,brandable_general,Lebabet.com – प्रीमियम ब्रांड नाम (Brandable General),"Lebabet.com ब्रेंडेबल, छोटा नाम, यादगार के लिए उपयुक्त प्रीमियम डोमेन है। छोटा, यादगार और SEO‑अनुकूल — ऑर्गैनिक ग्रोथ और विश्वसनीयता के लिए उत्कृष्ट.","Lebabet.com: ब्रेंडेबल, छोटा नाम और यादगार के लिए प्रीमियम नाम — छोटा, यादगार, SEO‑अनुकूल."
WhiteScut.com,brandable_general,WhiteScut.com – प्रीमियम ब्रांड नाम (Brandable General),"WhiteScut.com ब्रेंडेबल, छोटा नाम, यादगार के लिए उपयुक्त प्रीमियम डोमेन है। छोटा, यादगार और SEO‑अनुकूल — ऑर्गैनिक ग्रोथ और विश्वसनीयता के लिए उत्कृष्ट.","WhiteScut.com: ब्रेंडेबल, छोटा नाम और यादगार के लिए प्रीमियम नाम — छोटा, यादगार, SEO‑अनुकूल."
Aleyh.com,brandable_general,Aleyh.com – प्रीमियम ब्रांड नाम (Brandable General),"Aleyh.com ब्रेंडेबल, छोटा नाम, यादगार के लिए उपयुक्त प्रीमियम डोमेन है। छोटा, यादगार और SEO‑अनुकूल — ऑर्गैनिक ग्रोथ और विश्वसनीयता के लिए उत्कृष्ट.","Aleyh.com: ब्रेंडेबल, छोटा नाम और यादगार के लिए प्रीमियम नाम — छोटा, यादगार, SEO‑अनुकूल."
CNPQ.org,brandable_general,CNPQ.org – प्रीमियम ब्रांड नाम (Brandable General),"CNPQ.org ब्रेंडेबल, छोटा नाम, यादगार के लिए उपयुक्त प्रीमियम डोमेन है। छोटा, यादगार और SEO‑अनुकूल — ऑर्गैनिक ग्रोथ और विश्वसनीयता के लिए उत्कृष्ट.","CNPQ.org: ब्रेंडेबल, छोटा नाम और यादगार के लिए प्रीमियम नाम — छोटा, यादगार, SEO‑अनुकूल."
UsherMore.com,brandable_general,UsherMore.com – प्रीमियम ब्रांड नाम (Brandable General),"UsherMore.com ब्रेंडेबल, छोटा नाम, यादगार के लिए उपयुक्त प्रीमियम डोमेन है। छोटा, यादगार और SEO‑अनुकूल — ऑर्गैनिक ग्रोथ और विश्वसनीयता के लिए उत्कृष्ट.","UsherMore.com: ब्रेंडेबल, छोटा नाम और यादगार के लिए प्रीमियम नाम — छोटा, यादगार, SEO‑अनुकूल."
Zikrullah.com,brandable_general,Zikrullah.com – प्रीमियम ब्रांड नाम (Brandable General),"Zikrullah.com ब्रेंडेबल, छोटा नाम, यादगार के लिए उपयुक्त प्रीमियम डोमेन है। छोटा, यादगार और SEO‑अनुकूल — ऑर्गैनिक ग्रोथ और विश्वसनीयता के लिए उत्कृष्ट.","Zikrullah.com: ब्रेंडेबल, छोटा नाम और यादगार के लिए प्रीमियम नाम — छोटा, यादगार, SEO‑अनुकूल."
Vakit.org,brandable_general,Vakit.org – प्रीमियम ब्रांड नाम (Brandable General),"Vakit.org ब्रेंडेबल, छोटा नाम, यादगार के लिए उपयुक्त प्रीमियम डोमेन है। छोटा, यादगार और SEO‑अनुकूल — ऑर्गैनिक ग्रोथ और विश्वसनीयता के लिए उत्कृष्ट.","Vakit.org: ब्रेंडेबल, छोटा नाम और यादगार के लिए प्रीमियम नाम — छोटा, यादगार, SEO‑अनुकूल."
AimDD.com,brandable_general,AimDD.com – प्रीमियम ब्रांड नाम (Brandable General),"AimDD.com ब्रेंडेबल, छोटा नाम, यादगार के लिए उपयुक्त प्रीमियम डोमेन है। छोटा, यादगार और SEO‑अनुकूल — ऑर्गैनिक ग्रोथ और विश्वसनीयता के लिए उत्कृष्ट.","AimDD.com: ब्रेंडेबल, छोटा नाम और यादगार के लिए प्रीमियम नाम — छोटा, यादगार, SEO‑अनुकूल."
mPAYm.com,brandable_general,mPAYm.com – प्रीमियम ब्रांड नाम (Brandable General),"mPAYm.com ब्रेंडेबल, छोटा नाम, यादगार के लिए उपयुक्त प्रीमियम डोमेन है। छोटा, यादगार और SEO‑अनुकूल — ऑर्गैनिक ग्रोथ और विश्वसनीयता के लिए उत्कृष्ट.","mPAYm.com: ब्रेंडेबल, छोटा नाम और यादगार के लिए प्रीमियम नाम — छोटा, यादगार, SEO‑अनुकूल."
GoGode.com,brandable_general,GoGode.com – प्रीमियम ब्रांड नाम (Brandable General),"GoGode.com ब्रेंडेबल, छोटा नाम, यादगार के लिए उपयुक्त प्रीमियम डोमेन है। छोटा, यादगार और SEO‑अनुकूल — ऑर्गैनिक ग्रोथ और विश्वसनीयता के लिए उत्कृष्ट.","GoGode.com: ब्रेंडेबल, छोटा नाम और यादगार के लिए प्रीमियम नाम — छोटा, यादगार, SEO‑अनुकूल."
TTSus.com,brandable_general,TTSus.com – प्रीमियम ब्रांड नाम (Brandable General),"TTSus.com ब्रेंडेबल, छोटा नाम, यादगार के लिए उपयुक्त प्रीमियम डोमेन है। छोटा, यादगार और SEO‑अनुकूल — ऑर्गैनिक ग्रोथ और विश्वसनीयता के लिए उत्कृष्ट.","TTSus.com: ब्रेंडेबल, छोटा नाम और यादगार के लिए प्रीमियम नाम — छोटा, यादगार, SEO‑अनुकूल."
Oemec.com,brandable_general,Oemec.com – प्रीमियम ब्रांड नाम (Brandable General),"Oemec.com ब्रेंडेबल, छोटा नाम, यादगार के लिए उपयुक्त प्रीमियम डोमेन है। छोटा, यादगार और SEO‑अनुकूल — ऑर्गैनिक ग्रोथ और विश्वसनीयता के लिए उत्कृष्ट.","Oemec.com: ब्रेंडेबल, छोटा नाम और यादगार के लिए प्रीमियम नाम — छोटा, यादगार, SEO‑अनुकूल."
Padga.com,brandable_general,Padga.com – प्रीमियम ब्रांड नाम (Brandable General),"Padga.com ब्रेंडेबल, छोटा नाम, यादगार के लिए उपयुक्त प्रीमियम डोमेन है। छोटा, यादगार और SEO‑अनुकूल — ऑर्गैनिक ग्रोथ और विश्वसनीयता के लिए उत्कृष्ट.","Padga.com: ब्रेंडेबल, छोटा नाम और यादगार के लिए प्रीमियम नाम — छोटा, यादगार, SEO‑अनुकूल."
TatilSpotu.com,brandable_general,TatilSpotu.com – प्रीमियम ब्रांड नाम (Brandable General),"TatilSpotu.com ब्रेंडेबल, छोटा नाम, यादगार के लिए उपयुक्त प्रीमियम डोमेन है। छोटा, यादगार और SEO‑अनुकूल — ऑर्गैनिक ग्रोथ और विश्वसनीयता के लिए उत्कृष्ट.","TatilSpotu.com: ब्रेंडेबल, छोटा नाम और यादगार के लिए प्रीमियम नाम — छोटा, यादगार, SEO‑अनुकूल."
MirRoo.com,brandable_general,MirRoo.com – प्रीमियम ब्रांड नाम (Brandable General),"MirRoo.com ब्रेंडेबल, छोटा नाम, यादगार के लिए उपयुक्त प्रीमियम डोमेन है। छोटा, यादगार और SEO‑अनुकूल — ऑर्गैनिक ग्रोथ और विश्वसनीयता के लिए उत्कृष्ट.","MirRoo.com: ब्रेंडेबल, छोटा नाम और यादगार के लिए प्रीमियम नाम — छोटा, यादगार, SEO‑अनुकूल."
SozLux.com,brandable_general,SozLux.com – प्रीमियम ब्रांड नाम (Brandable General),"SozLux.com ब्रेंडेबल, छोटा नाम, यादगार के लिए उपयुक्त प्रीमियम डोमेन है। छोटा, यादगार और SEO‑अनुकूल — ऑर्गैनिक ग्रोथ और विश्वसनीयता के लिए उत्कृष्ट.","SozLux.com: ब्रेंडेबल, छोटा नाम और यादगार के लिए प्रीमियम नाम — छोटा, यादगार, SEO‑अनुकूल."
PanelAxis.com,saas_dashboard,PanelAxis.com – प्रीमियम ब्रांड नाम (Saas Dashboard),"PanelAxis.com SaaS, डैशबोर्ड, B2B सॉफ़्टवेयर के लिए उपयुक्त प्रीमियम डोमेन है। छोटा, यादगार और SEO‑अनुकूल — ऑर्गैनिक ग्रोथ और विश्वसनीयता के लिए उत्कृष्ट.","PanelAxis.com: SaaS, डैशबोर्ड और B2B सॉफ़्टवेयर के लिए प्रीमियम नाम — छोटा, यादगार, SEO‑अनुकूल."
MentorTiger.com,animals_strength,MentorTiger.com – प्रीमियम ब्रांड नाम (Animals Strength),"MentorTiger.com फिटनेस, आउटडोर, लीडरशिप के लिए उपयुक्त प्रीमियम डोमेन है। छोटा, यादगार और SEO‑अनुकूल — ऑर्गैनिक ग्रोथ और विश्वसनीयता के लिए उत्कृष्ट.","MentorTiger.com: फिटनेस, आउटडोर और लीडरशिप के लिए प्रीमियम नाम — छोटा, यादगार, SEO‑अनुकूल."
SuperWavy.com,brandable_general,SuperWavy.com – प्रीमियम ब्रांड नाम (Brandable General),"SuperWavy.com ब्रेंडेबल, छोटा नाम, यादगार के लिए उपयुक्त प्रीमियम डोमेन है। छोटा, यादगार और SEO‑अनुकूल — ऑर्गैनिक ग्रोथ और विश्वसनीयता के लिए उत्कृष्ट.","SuperWavy.com: ब्रेंडेबल, छोटा नाम और यादगार के लिए प्रीमियम नाम — छोटा, यादगार, SEO‑अनुकूल."
Zivto.com,brandable_general,Zivto.com – प्रीमियम ब्रांड नाम (Brandable General),"Zivto.com ब्रेंडेबल, छोटा नाम, यादगार के लिए उपयुक्त प्रीमियम डोमेन है। छोटा, यादगार और SEO‑अनुकूल — ऑर्गैनिक ग्रोथ और विश्वसनीयता के लिए उत्कृष्ट.","Zivto.com: ब्रेंडेबल, छोटा नाम और यादगार के लिए प्रीमियम नाम — छोटा, यादगार, SEO‑अनुकूल."
FlavorOrbit.com,food_snack,FlavorOrbit.com – प्रीमियम ब्रांड नाम (Food Snack),"FlavorOrbit.com स्नैक, फूड ब्रांड, डिलीवरी के लिए उपयुक्त प्रीमियम डोमेन है। छोटा, यादगार और SEO‑अनुकूल — ऑर्गैनिक ग्रोथ और विश्वसनीयता के लिए उत्कृष्ट.","FlavorOrbit.com: स्नैक, फूड ब्रांड और डिलीवरी के लिए प्रीमियम नाम — छोटा, यादगार, SEO‑अनुकूल."
NiceLush.com,health_diet,NiceLush.com – प्रीमियम ब्रांड नाम (Health Diet),"NiceLush.com स्वस्थ डाइट, पोषण, वेलनेस के लिए उपयुक्त प्रीमियम डोमेन है। छोटा, यादगार और SEO‑अनुकूल — ऑर्गैनिक ग्रोथ और विश्वसनीयता के लिए उत्कृष्ट.","NiceLush.com: स्वस्थ डाइट, पोषण और वेलनेस के लिए प्रीमियम नाम — छोटा, यादगार, SEO‑अनुकूल."
SnackOrbit.com,food_snack,SnackOrbit.com – प्रीमियम ब्रांड नाम (Food Snack),"SnackOrbit.com स्नैक, फूड ब्रांड, डिलीवरी के लिए उपयुक्त प्रीमियम डोमेन है। छोटा, यादगार और SEO‑अनुकूल — ऑर्गैनिक ग्रोथ और विश्वसनीयता के लिए उत्कृष्ट.","SnackOrbit.com: स्नैक, फूड ब्रांड और डिलीवरी के लिए प्रीमियम नाम — छोटा, यादगार, SEO‑अनुकूल."
CardioBear.com,health_diet,CardioBear.com – प्रीमियम ब्रांड नाम (Health Diet),"CardioBear.com स्वस्थ डाइट, पोषण, वेलनेस के लिए उपयुक्त प्रीमियम डोमेन है। छोटा, यादगार और SEO‑अनुकूल — ऑर्गैनिक ग्रोथ और विश्वसनीयता के लिए उत्कृष्ट.","CardioBear.com: स्वस्थ डाइट, पोषण और वेलनेस के लिए प्रीमियम नाम — छोटा, यादगार, SEO‑अनुकूल."
VUY.io,brandable_general,VUY.io – प्रीमियम ब्रांड नाम (Brandable General),"VUY.io ब्रेंडेबल, छोटा नाम, यादगार के लिए उपयुक्त प्रीमियम डोमेन है। छोटा, यादगार और SEO‑अनुकूल — ऑर्गैनिक ग्रोथ और विश्वसनीयता के लिए उत्कृष्ट.","VUY.io: ब्रेंडेबल, छोटा नाम और यादगार के लिए प्रीमियम नाम — छोटा, यादगार, SEO‑अनुकूल."
AVRI.net,brandable_general,AVRI.net – प्रीमियम ब्रांड नाम (Brandable General),"AVRI.net ब्रेंडेबल, छोटा नाम, यादगार के लिए उपयुक्त प्रीमियम डोमेन है। छोटा, यादगार और SEO‑अनुकूल — ऑर्गैनिक ग्रोथ और विश्वसनीयता के लिए उत्कृष्ट.","AVRI.net: ब्रेंडेबल, छोटा नाम और यादगार के लिए प्रीमियम नाम — छोटा, यादगार, SEO‑अनुकूल."
USNA.net,brandable_general,USNA.net – प्रीमियम ब्रांड नाम (Brandable General),"USNA.net ब्रेंडेबल, छोटा नाम, यादगार के लिए उपयुक्त प्रीमियम डोमेन है। छोटा, यादगार और SEO‑अनुकूल — ऑर्गैनिक ग्रोथ और विश्वसनीयता के लिए उत्कृष्ट.","USNA.net: ब्रेंडेबल, छोटा नाम और यादगार के लिए प्रीमियम नाम — छोटा, यादगार, SEO‑अनुकूल."
SBR.net,brandable_general,SBR.net – प्रीमियम ब्रांड नाम (Brandable General),"SBR.net ब्रेंडेबल, छोटा नाम, यादगार के लिए उपयुक्त प्रीमियम डोमेन है। छोटा, यादगार और SEO‑अनुकूल — ऑर्गैनिक ग्रोथ और विश्वसनीयता के लिए उत्कृष्ट.","SBR.net: ब्रेंडेबल, छोटा नाम और यादगार के लिए प्रीमियम नाम — छोटा, यादगार, SEO‑अनुकूल."
WordEntry.com,trend_analytics,WordEntry.com – प्रीमियम ब्रांड नाम (Trend Analytics),"WordEntry.com एनालिटिक्स, डेटा, ट्रेंड्स के लिए उपयुक्त प्रीमियम डोमेन है। छोटा, यादगार और SEO‑अनुकूल — ऑर्गैनिक ग्रोथ और विश्वसनीयता के लिए उत्कृष्ट.","WordEntry.com: एनालिटिक्स, डेटा और ट्रेंड्स के लिए प्रीमियम नाम — छोटा, यादगार, SEO‑अनुकूल."
HairToCare.com,brandable_general,HairToCare.com – प्रीमियम ब्रांड नाम (Brandable General),"HairToCare.com ब्रेंडेबल, छोटा नाम, यादगार के लिए उपयुक्त प्रीमियम डोमेन है। छोटा, यादगार और SEO‑अनुकूल — ऑर्गैनिक ग्रोथ और विश्वसनीयता के लिए उत्कृष्ट.","HairToCare.com: ब्रेंडेबल, छोटा नाम और यादगार के लिए प्रीमियम नाम — छोटा, यादगार, SEO‑अनुकूल."
HitRegion.com,trend_analytics,HitRegion.com – प्रीमियम ब्रांड नाम (Trend Analytics),"HitRegion.com एनालिटिक्स, डेटा, ट्रेंड्स के लिए उपयुक्त प्रीमियम डोमेन है। छोटा, यादगार और SEO‑अनुकूल — ऑर्गैनिक ग्रोथ और विश्वसनीयता के लिए उत्कृष्ट.","HitRegion.com: एनालिटिक्स, डेटा और ट्रेंड्स के लिए प्रीमियम नाम — छोटा, यादगार, SEO‑अनुकूल."
UYFE.com,brandable_general,UYFE.com – प्रीमियम ब्रांड नाम (Brandable General),"UYFE.com ब्रेंडेबल, छोटा नाम, यादगार के लिए उपयुक्त प्रीमियम डोमेन है। छोटा, यादगार और SEO‑अनुकूल — ऑर्गैनिक ग्रोथ और विश्वसनीयता के लिए उत्कृष्ट.","UYFE.com: ब्रेंडेबल, छोटा नाम और यादगार के लिए प्रीमियम नाम — छोटा, यादगार, SEO‑अनुकूल."
Batyal.com,brandable_general,Batyal.com – प्रीमियम ब्रांड नाम (Brandable General),"Batyal.com ब्रेंडेबल, छोटा नाम, यादगार के लिए उपयुक्त प्रीमियम डोमेन है। छोटा, यादगार और SEO‑अनुकूल — ऑर्गैनिक ग्रोथ और विश्वसनीयता के लिए उत्कृष्ट.","Batyal.com: ब्रेंडेबल, छोटा नाम और यादगार के लिए प्रीमियम नाम — छोटा, यादगार, SEO‑अनुकूल."
OldLogic.com,trend_analytics,OldLogic.com – प्रीमियम ब्रांड नाम (Trend Analytics),"OldLogic.com एनालिटिक्स, डेटा, ट्रेंड्स के लिए उपयुक्त प्रीमियम डोमेन है। छोटा, यादगार और SEO‑अनुकूल — ऑर्गैनिक ग्रोथ और विश्वसनीयता के लिए उत्कृष्ट.","OldLogic.com: एनालिटिक्स, डेटा और ट्रेंड्स के लिए प्रीमियम नाम — छोटा, यादगार, SEO‑अनुकूल."
BonnyDiet.com,health_diet,BonnyDiet.com – प्रीमियम ब्रांड नाम (Health Diet),"BonnyDiet.com स्वस्थ डाइट, पोषण, वेलनेस के लिए उपयुक्त प्रीमियम डोमेन है। छोटा, यादगार और SEO‑अनुकूल — ऑर्गैनिक ग्रोथ और विश्वसनीयता के लिए उत्कृष्ट.","BonnyDiet.com: स्वस्थ डाइट, पोषण और वेलनेस के लिए प्रीमियम नाम — छोटा, यादगार, SEO‑अनुकूल."
Nadyo.com,brandable_general,Nadyo.com – प्रीमियम ब्रांड नाम (Brandable General),"Nadyo.com ब्रेंडेबल, छोटा नाम, यादगार के लिए उपयुक्त प्रीमियम डोमेन है। छोटा, यादगार और SEO‑अनुकूल — ऑर्गैनिक ग्रोथ और विश्वसनीयता के लिए उत्कृष्ट.","Nadyo.com: ब्रेंडेबल, छोटा नाम और यादगार के लिए प्रीमियम नाम — छोटा, यादगार, SEO‑अनुकूल."
Bipna.com,brandable_general,Bipna.com – प्रीमियम ब्रांड नाम (Brandable General),"Bipna.com ब्रेंडेबल, छोटा नाम, यादगार के लिए उपयुक्त प्रीमियम डोमेन है। छोटा, यादगार और SEO‑अनुकूल — ऑर्गैनिक ग्रोथ और विश्वसनीयता के लिए उत्कृष्ट.","Bipna.com: ब्रेंडेबल, छोटा नाम और यादगार के लिए प्रीमियम नाम — छोटा, यादगार, SEO‑अनुकूल."
SweetSkirt.com,brandable_general,SweetSkirt.com – प्रीमियम ब्रांड नाम (Brandable General),"SweetSkirt.com ब्रेंडेबल, छोटा नाम, यादगार के लिए उपयुक्त प्रीमियम डोमेन है। छोटा, यादगार और SEO‑अनुकूल — ऑर्गैनिक ग्रोथ और विश्वसनीयता के लिए उत्कृष्ट.","SweetSkirt.com: ब्रेंडेबल, छोटा नाम और यादगार के लिए प्रीमियम नाम — छोटा, यादगार, SEO‑अनुकूल."
Elfida.com,brandable_general,Elfida.com – प्रीमियम ब्रांड नाम (Brandable General),"Elfida.com ब्रेंडेबल, छोटा नाम, यादगार के लिए उपयुक्त प्रीमियम डोमेन है। छोटा, यादगार और SEO‑अनुकूल — ऑर्गैनिक ग्रोथ और विश्वसनीयता के लिए उत्कृष्ट.","Elfida.com: ब्रेंडेबल, छोटा नाम और यादगार के लिए प्रीमियम नाम — छोटा, यादगार, SEO‑अनुकूल."
HideDocs.com,security_privacy,HideDocs.com – प्रीमियम ब्रांड नाम (Security Privacy),"HideDocs.com साइबर सुरक्षा, प्राइवेसी, वॉल्ट के लिए उपयुक्त प्रीमियम डोमेन है। छोटा, यादगार और SEO‑अनुकूल — ऑर्गैनिक ग्रोथ और विश्वसनीयता के लिए उत्कृष्ट.","HideDocs.com: साइबर सुरक्षा, प्राइवेसी और वॉल्ट के लिए प्रीमियम नाम — छोटा, यादगार, SEO‑अनुकूल."
ToggTeam.com,brandable_general,ToggTeam.com – प्रीमियम ब्रांड नाम (Brandable General),"ToggTeam.com ब्रेंडेबल, छोटा नाम, यादगार के लिए उपयुक्त प्रीमियम डोमेन है। छोटा, यादगार और SEO‑अनुकूल — ऑर्गैनिक ग्रोथ और विश्वसनीयता के लिए उत्कृष्ट.","ToggTeam.com: ब्रेंडेबल, छोटा नाम और यादगार के लिए प्रीमियम नाम — छोटा, यादगार, SEO‑अनुकूल."
Belenay.com,brandable_general,Belenay.com – प्रीमियम ब्रांड नाम (Brandable General),"Belenay.com ब्रेंडेबल, छोटा नाम, यादगार के लिए उपयुक्त प्रीमियम डोमेन है। छोटा, यादगार और SEO‑अनुकूल — ऑर्गैनिक ग्रोथ और विश्वसनीयता के लिए उत्कृष्ट.","Belenay.com: ब्रेंडेबल, छोटा नाम और यादगार के लिए प्रीमियम नाम — छोटा, यादगार, SEO‑अनुकूल."
LuckLack.com,brandable_general,LuckLack.com – प्रीमियम ब्रांड नाम (Brandable General),"LuckLack.com ब्रेंडेबल, छोटा नाम, यादगार के लिए उपयुक्त प्रीमियम डोमेन है। छोटा, यादगार और SEO‑अनुकूल — ऑर्गैनिक ग्रोथ और विश्वसनीयता के लिए उत्कृष्ट.","LuckLack.com: ब्रेंडेबल, छोटा नाम और यादगार के लिए प्रीमियम नाम — छोटा, यादगार, SEO‑अनुकूल."
DoSlush.com,health_diet,DoSlush.com – प्रीमियम ब्रांड नाम (Health Diet),"DoSlush.com स्वस्थ डाइट, पोषण, वेलनेस के लिए उपयुक्त प्रीमियम डोमेन है। छोटा, यादगार और SEO‑अनुकूल — ऑर्गैनिक ग्रोथ और विश्वसनीयता के लिए उत्कृष्ट.","DoSlush.com: स्वस्थ डाइट, पोषण और वेलनेस के लिए प्रीमियम नाम — छोटा, यादगार, SEO‑अनुकूल."
Melkut.com,brandable_general,Melkut.com – प्रीमियम ब्रांड नाम (Brandable General),"Melkut.com ब्रेंडेबल, छोटा नाम, यादगार के लिए उपयुक्त प्रीमियम डोमेन है। छोटा, यादगार और SEO‑अनुकूल — ऑर्गैनिक ग्रोथ और विश्वसनीयता के लिए उत्कृष्ट.","Melkut.com: ब्रेंडेबल, छोटा नाम और यादगार के लिए प्रीमियम नाम — छोटा, यादगार, SEO‑अनुकूल."
Doslash.com,brandable_general,Doslash.com – प्रीमियम ब्रांड नाम (Brandable General),"Doslash.com ब्रेंडेबल, छोटा नाम, यादगार के लिए उपयुक्त प्रीमियम डोमेन है। छोटा, यादगार और SEO‑अनुकूल — ऑर्गैनिक ग्रोथ और विश्वसनीयता के लिए उत्कृष्ट.","Doslash.com: ब्रेंडेबल, छोटा नाम और यादगार के लिए प्रीमियम नाम — छोटा, यादगार, SEO‑अनुकूल."
ActiveStamp.com,brandable_general,ActiveStamp.com – प्रीमियम ब्रांड नाम (Brandable General),"ActiveStamp.com ब्रेंडेबल, छोटा नाम, यादगार के लिए उपयुक्त प्रीमियम डोमेन है। छोटा, यादगार और SEO‑अनुकूल — ऑर्गैनिक ग्रोथ और विश्वसनीयता के लिए उत्कृष्ट.","ActiveStamp.com: ब्रेंडेबल, छोटा नाम और यादगार के लिए प्रीमियम नाम — छोटा, यादगार, SEO‑अनुकूल."
WellWhet.com,health_diet,WellWhet.com – प्रीमियम ब्रांड नाम (Health Diet),"WellWhet.com स्वस्थ डाइट, पोषण, वेलनेस के लिए उपयुक्त प्रीमियम डोमेन है। छोटा, यादगार और SEO‑अनुकूल — ऑर्गैनिक ग्रोथ और विश्वसनीयता के लिए उत्कृष्ट.","WellWhet.com: स्वस्थ डाइट, पोषण और वेलनेस के लिए प्रीमियम नाम — छोटा, यादगार, SEO‑अनुकूल."
BetterWolf.com,animals_strength,BetterWolf.com – प्रीमियम ब्रांड नाम (Animals Strength),"BetterWolf.com फिटनेस, आउटडोर, लीडरशिप के लिए उपयुक्त प्रीमियम डोमेन है। छोटा, यादगार और SEO‑अनुकूल — ऑर्गैनिक ग्रोथ और विश्वसनीयता के लिए उत्कृष्ट.","BetterWolf.com: फिटनेस, आउटडोर और लीडरशिप के लिए प्रीमियम नाम — छोटा, यादगार, SEO‑अनुकूल."
ForeverActive.co,brandable_general,ForeverActive.co – प्रीमियम ब्रांड नाम (Brandable General),"ForeverActive.co ब्रेंडेबल, छोटा नाम, यादगार के लिए उपयुक्त प्रीमियम डोमेन है। छोटा, यादगार और SEO‑अनुकूल — ऑर्गैनिक ग्रोथ और विश्वसनीयता के लिए उत्कृष्ट.","ForeverActive.co: ब्रेंडेबल, छोटा नाम और यादगार के लिए प्रीमियम नाम — छोटा, यादगार, SEO‑अनुकूल."
NatureBased.co,nature_green,NatureBased.co – प्रीमियम ब्रांड नाम (Nature Green),"NatureBased.co सस्टेनेबिलिटी, ईको, नेचर के लिए उपयुक्त प्रीमियम डोमेन है। छोटा, यादगार और SEO‑अनुकूल — ऑर्गैनिक ग्रोथ और विश्वसनीयता के लिए उत्कृष्ट.","NatureBased.co: सस्टेनेबिलिटी, ईको और नेचर के लिए प्रीमियम नाम — छोटा, यादगार, SEO‑अनुकूल."
ReCarrier.com,logistics_transport,ReCarrier.com – प्रीमियम ब्रांड नाम (Logistics Transport),"ReCarrier.com लॉजिस्टिक्स, कैरियर, फ्लीट के लिए उपयुक्त प्रीमियम डोमेन है। छोटा, यादगार और SEO‑अनुकूल — ऑर्गैनिक ग्रोथ और विश्वसनीयता के लिए उत्कृष्ट.","ReCarrier.com: लॉजिस्टिक्स, कैरियर और फ्लीट के लिए प्रीमियम नाम — छोटा, यादगार, SEO‑अनुकूल."
BoldWarranty.com,warranty,BoldWarranty.com – प्रीमियम ब्रांड नाम (Warranty),"BoldWarranty.com वारंटी, विस्तारित सुरक्षा, कवरेज के लिए उपयुक्त प्रीमियम डोमेन है। छोटा, यादगार और SEO‑अनुकूल — ऑर्गैनिक ग्रोथ और विश्वसनीयता के लिए उत्कृष्ट.","BoldWarranty.com: वारंटी, विस्तारित सुरक्षा और कवरेज के लिए प्रीमियम नाम — छोटा, यादगार, SEO‑अनुकूल."
BrightWarranty.com,warranty,BrightWarranty.com – प्रीमियम ब्रांड नाम (Warranty),"BrightWarranty.com वारंटी, विस्तारित सुरक्षा, कवरेज के लिए उपयुक्त प्रीमियम डोमेन है। छोटा, यादगार और SEO‑अनुकूल — ऑर्गैनिक ग्रोथ और विश्वसनीयता के लिए उत्कृष्ट.","BrightWarranty.com: वारंटी, विस्तारित सुरक्षा और कवरेज के लिए प्रीमियम नाम — छोटा, यादगार, SEO‑अनुकूल."
GorgeousEstate.com,real_estate,GorgeousEstate.com – प्रीमियम ब्रांड नाम (Real Estate),"GorgeousEstate.com रियल एस्टेट, प्रॉपटेक, लक्ज़री के लिए उपयुक्त प्रीमियम डोमेन है। छोटा, यादगार और SEO‑अनुकूल — ऑर्गैनिक ग्रोथ और विश्वसनीयता के लिए उत्कृष्ट.","GorgeousEstate.com: रियल एस्टेट, प्रॉपटेक और लक्ज़री के लिए प्रीमियम नाम — छोटा, यादगार, SEO‑अनुकूल."
SwirlFox.com,animals_strength,SwirlFox.com – प्रीमियम ब्रांड नाम (Animals Strength),"SwirlFox.com फिटनेस, आउटडोर, लीडरशिप के लिए उपयुक्त प्रीमियम डोमेन है। छोटा, यादगार और SEO‑अनुकूल — ऑर्गैनिक ग्रोथ और विश्वसनीयता के लिए उत्कृष्ट.","SwirlFox.com: फिटनेस, आउटडोर और लीडरशिप के लिए प्रीमियम नाम — छोटा, यादगार, SEO‑अनुकूल."
VortexBee.com,brandable_general,VortexBee.com – प्रीमियम ब्रांड नाम (Brandable General),"VortexBee.com ब्रेंडेबल, छोटा नाम, यादगार के लिए उपयुक्त प्रीमियम डोमेन है। छोटा, यादगार और SEO‑अनुकूल — ऑर्गैनिक ग्रोथ और विश्वसनीयता के लिए उत्कृष्ट.","VortexBee.com: ब्रेंडेबल, छोटा नाम और यादगार के लिए प्रीमियम नाम — छोटा, यादगार, SEO‑अनुकूल."
UMZ.io,brandable_general,UMZ.io – प्रीमियम ब्रांड नाम (Brandable General),"UMZ.io ब्रेंडेबल, छोटा नाम, यादगार के लिए उपयुक्त प्रीमियम डोमेन है। छोटा, यादगार और SEO‑अनुकूल — ऑर्गैनिक ग्रोथ और विश्वसनीयता के लिए उत्कृष्ट.","UMZ.io: ब्रेंडेबल, छोटा नाम और यादगार के लिए प्रीमियम नाम — छोटा, यादगार, SEO‑अनुकूल."
Superluminosity.com,trend_analytics,Superluminosity.com – प्रीमियम ब्रांड नाम (Trend Analytics),"Superluminosity.com एनालिटिक्स, डेटा, ट्रेंड्स के लिए उपयुक्त प्रीमियम डोमेन है। छोटा, यादगार और SEO‑अनुकूल — ऑर्गैनिक ग्रोथ और विश्वसनीयता के लिए उत्कृष्ट.","Superluminosity.com: एनालिटिक्स, डेटा और ट्रेंड्स के लिए प्रीमियम नाम — छोटा, यादगार, SEO‑अनुकूल."
Hulgum.com,brandable_general,Hulgum.com – प्रीमियम ब्रांड नाम (Brandable General),"Hulgum.com ब्रेंडेबल, छोटा नाम, यादगार के लिए उपयुक्त प्रीमियम डोमेन है। छोटा, यादगार और SEO‑अनुकूल — ऑर्गैनिक ग्रोथ और विश्वसनीयता के लिए उत्कृष्ट.","Hulgum.com: ब्रेंडेबल, छोटा नाम और यादगार के लिए प्रीमियम नाम — छोटा, यादगार, SEO‑अनुकूल."
WorkBison.com,animals_strength,WorkBison.com – प्रीमियम ब्रांड नाम (Animals Strength),"WorkBison.com फिटनेस, आउटडोर, लीडरशिप के लिए उपयुक्त प्रीमियम डोमेन है। छोटा, यादगार और SEO‑अनुकूल — ऑर्गैनिक ग्रोथ और विश्वसनीयता के लिए उत्कृष्ट.","WorkBison.com: फिटनेस, आउटडोर और लीडरशिप के लिए प्रीमियम नाम — छोटा, यादगार, SEO‑अनुकूल."
DEEB.co,brandable_general,DEEB.co – प्रीमियम ब्रांड नाम (Brandable General),"DEEB.co ब्रेंडेबल, छोटा नाम, यादगार के लिए उपयुक्त प्रीमियम डोमेन है। छोटा, यादगार और SEO‑अनुकूल — ऑर्गैनिक ग्रोथ और विश्वसनीयता के लिए उत्कृष्ट.","DEEB.co: ब्रेंडेबल, छोटा नाम और यादगार के लिए प्रीमियम नाम — छोटा, यादगार, SEO‑अनुकूल."
DormantEnergy.com,brandable_general,DormantEnergy.com – प्रीमियम ब्रांड नाम (Brandable General),"DormantEnergy.com ब्रेंडेबल, छोटा नाम, यादगार के लिए उपयुक्त प्रीमियम डोमेन है। छोटा, यादगार और SEO‑अनुकूल — ऑर्गैनिक ग्रोथ और विश्वसनीयता के लिए उत्कृष्ट.","DormantEnergy.com: ब्रेंडेबल, छोटा नाम और यादगार के लिए प्रीमियम नाम — छोटा, यादगार, SEO‑अनुकूल."
RavenTour.com,music_audio,RavenTour.com – प्रीमियम ब्रांड नाम (Music Audio),"RavenTour.com एआई संगीत, ऑडियो सॉफ़्टवेयर, साउंड डिज़ाइन के लिए उपयुक्त प्रीमियम डोमेन है। छोटा, यादगार और SEO‑अनुकूल — ऑर्गैनिक ग्रोथ और विश्वसनीयता के लिए उत्कृष्ट.","RavenTour.com: एआई संगीत, ऑडियो सॉफ़्टवेयर और साउंड डिज़ाइन के लिए प्रीमियम नाम — छोटा, यादगार, SEO‑अनुकूल."
FlavorPilot.com,food_snack,FlavorPilot.com – प्रीमियम ब्रांड नाम (Food Snack),"FlavorPilot.com स्नैक, फूड ब्रांड, डिलीवरी के लिए उपयुक्त प्रीमियम डोमेन है। छोटा, यादगार और SEO‑अनुकूल — ऑर्गैनिक ग्रोथ और विश्वसनीयता के लिए उत्कृष्ट.","FlavorPilot.com: स्नैक, फूड ब्रांड और डिलीवरी के लिए प्रीमियम नाम — छोटा, यादगार, SEO‑अनुकूल."
PumaAxis.com,saas_dashboard,PumaAxis.com – प्रीमियम ब्रांड नाम (Saas Dashboard),"PumaAxis.com SaaS, डैशबोर्ड, B2B सॉफ़्टवेयर के लिए उपयुक्त प्रीमियम डोमेन है। छोटा, यादगार और SEO‑अनुकूल — ऑर्गैनिक ग्रोथ और विश्वसनीयता के लिए उत्कृष्ट.","PumaAxis.com: SaaS, डैशबोर्ड और B2B सॉफ़्टवेयर के लिए प्रीमियम नाम — छोटा, यादगार, SEO‑अनुकूल."
AxisSeven.com,saas_dashboard,AxisSeven.com – प्रीमियम ब्रांड नाम (Saas Dashboard),"AxisSeven.com SaaS, डैशबोर्ड, B2B सॉफ़्टवेयर के लिए उपयुक्त प्रीमियम डोमेन है। छोटा, यादगार और SEO‑अनुकूल — ऑर्गैनिक ग्रोथ और विश्वसनीयता के लिए उत्कृष्ट.","AxisSeven.com: SaaS, डैशबोर्ड और B2B सॉफ़्टवेयर के लिए प्रीमियम नाम — छोटा, यादगार, SEO‑अनुकूल."
Wellsix.com,health_diet,Wellsix.com – प्रीमियम ब्रांड नाम (Health Diet),"Wellsix.com स्वस्थ डाइट, पोषण, वेलनेस के लिए उपयुक्त प्रीमियम डोमेन है। छोटा, यादगार और SEO‑अनुकूल — ऑर्गैनिक ग्रोथ और विश्वसनीयता के लिए उत्कृष्ट.","Wellsix.com: स्वस्थ डाइट, पोषण और वेलनेस के लिए प्रीमियम नाम — छोटा, यादगार, SEO‑अनुकूल."
Dronefive.com,drone_tech,Dronefive.com – प्रीमियम ब्रांड नाम (Drone Tech),"Dronefive.com ड्रोन, एरियल, मैपिंग के लिए उपयुक्त प्रीमियम डोमेन है। छोटा, यादगार और SEO‑अनुकूल — ऑर्गैनिक ग्रोथ और विश्वसनीयता के लिए उत्कृष्ट.","Dronefive.com: ड्रोन, एरियल और मैपिंग के लिए प्रीमियम नाम — छोटा, यादगार, SEO‑अनुकूल."
SwankBee.com,brandable_general,SwankBee.com – प्रीमियम ब्रांड नाम (Brandable General),"SwankBee.com ब्रेंडेबल, छोटा नाम, यादगार के लिए उपयुक्त प्रीमियम डोमेन है। छोटा, यादगार और SEO‑अनुकूल — ऑर्गैनिक ग्रोथ और विश्वसनीयता के लिए उत्कृष्ट.","SwankBee.com: ब्रेंडेबल, छोटा नाम और यादगार के लिए प्रीमियम नाम — छोटा, यादगार, SEO‑अनुकूल."
SoftRaven.com,music_audio,SoftRaven.com – प्रीमियम ब्रांड नाम (Music Audio),"SoftRaven.com एआई संगीत, ऑडियो सॉफ़्टवेयर, साउंड डिज़ाइन के लिए उपयुक्त प्रीमियम डोमेन है। छोटा, यादगार और SEO‑अनुकूल — ऑर्गैनिक ग्रोथ और विश्वसनीयता के लिए उत्कृष्ट.","SoftRaven.com: एआई संगीत, ऑडियो सॉफ़्टवेयर और साउंड डिज़ाइन के लिए प्रीमियम नाम — छोटा, यादगार, SEO‑अनुकूल."
OrbitTwo.com,nature_green,OrbitTwo.com – प्रीमियम ब्रांड नाम (Nature Green),"OrbitTwo.com सस्टेनेबिलिटी, ईको, नेचर के लिए उपयुक्त प्रीमियम डोमेन है। छोटा, यादगार और SEO‑अनुकूल — ऑर्गैनिक ग्रोथ और विश्वसनीयता के लिए उत्कृष्ट.","OrbitTwo.com: सस्टेनेबिलिटी, ईको और नेचर के लिए प्रीमियम नाम — छोटा, यादगार, SEO‑अनुकूल."
OwlSnack.com,music_audio,OwlSnack.com – प्रीमियम ब्रांड नाम (Music Audio),"OwlSnack.com एआई संगीत, ऑडियो सॉफ़्टवेयर, साउंड डिज़ाइन के लिए उपयुक्त प्रीमियम डोमेन है। छोटा, यादगार और SEO‑अनुकूल — ऑर्गैनिक ग्रोथ और विश्वसनीयता के लिए उत्कृष्ट.","OwlSnack.com: एआई संगीत, ऑडियो सॉफ़्टवेयर और साउंड डिज़ाइन के लिए प्रीमियम नाम — छोटा, यादगार, SEO‑अनुकूल."
VaultTrend.com,trend_analytics,VaultTrend.com – प्रीमियम ब्रांड नाम (Trend Analytics),"VaultTrend.com एनालिटिक्स, डेटा, ट्रेंड्स के लिए उपयुक्त प्रीमियम डोमेन है। छोटा, यादगार और SEO‑अनुकूल — ऑर्गैनिक ग्रोथ और विश्वसनीयता के लिए उत्कृष्ट.","VaultTrend.com: एनालिटिक्स, डेटा और ट्रेंड्स के लिए प्रीमियम नाम — छोटा, यादगार, SEO‑अनुकूल."
MetroGist.com,trend_analytics,MetroGist.com – प्रीमियम ब्रांड नाम (Trend Analytics),"MetroGist.com एनालिटिक्स, डेटा, ट्रेंड्स के लिए उपयुक्त प्रीमियम डोमेन है। छोटा, यादगार और SEO‑अनुकूल — ऑर्गैनिक ग्रोथ और विश्वसनीयता के लिए उत्कृष्ट.","MetroGist.com: एनालिटिक्स, डेटा और ट्रेंड्स के लिए प्रीमियम नाम — छोटा, यादगार, SEO‑अनुकूल."
NextVisor.com,saas_dashboard,NextVisor.com – प्रीमियम ब्रांड नाम (Saas Dashboard),"NextVisor.com SaaS, डैशबोर्ड, B2B सॉफ़्टवेयर के लिए उपयुक्त प्रीमियम डोमेन है। छोटा, यादगार और SEO‑अनुकूल — ऑर्गैनिक ग्रोथ और विश्वसनीयता के लिए उत्कृष्ट.","NextVisor.com: SaaS, डैशबोर्ड और B2B सॉफ़्टवेयर के लिए प्रीमियम नाम — छोटा, यादगार, SEO‑अनुकूल."
CapacityOne.com,brandable_general,CapacityOne.com – प्रीमियम ब्रांड नाम (Brandable General),"CapacityOne.com ब्रेंडेबल, छोटा नाम, यादगार के लिए उपयुक्त प्रीमियम डोमेन है। छोटा, यादगार और SEO‑अनुकूल — ऑर्गैनिक ग्रोथ और विश्वसनीयता के लिए उत्कृष्ट.","CapacityOne.com: ब्रेंडेबल, छोटा नाम और यादगार के लिए प्रीमियम नाम — छोटा, यादगार, SEO‑अनुकूल."
Suvary.com,brandable_general,Suvary.com – प्रीमियम ब्रांड नाम (Brandable General),"Suvary.com ब्रेंडेबल, छोटा नाम, यादगार के लिए उपयुक्त प्रीमियम डोमेन है। छोटा, यादगार और SEO‑अनुकूल — ऑर्गैनिक ग्रोथ और विश्वसनीयता के लिए उत्कृष्ट.","Suvary.com: ब्रेंडेबल, छोटा नाम और यादगार के लिए प्रीमियम नाम — छोटा, यादगार, SEO‑अनुकूल."
LeaderBulk.com,brandable_general,LeaderBulk.com – प्रीमियम ब्रांड नाम (Brandable General),"LeaderBulk.com ब्रेंडेबल, छोटा नाम, यादगार के लिए उपयुक्त प्रीमियम डोमेन है। छोटा, यादगार और SEO‑अनुकूल — ऑर्गैनिक ग्रोथ और विश्वसनीयता के लिए उत्कृष्ट.","LeaderBulk.com: ब्रेंडेबल, छोटा नाम और यादगार के लिए प्रीमियम नाम — छोटा, यादगार, SEO‑अनुकूल."
BrandCubic.com,brand_agency,BrandCubic.com – प्रीमियम ब्रांड नाम (Brand Agency),"BrandCubic.com branding, agency, creative के लिए उपयुक्त प्रीमियम डोमेन है। छोटा, यादगार और SEO‑अनुकूल — ऑर्गैनिक ग्रोथ और विश्वसनीयता के लिए उत्कृष्ट.","BrandCubic.com: branding, agency और creative के लिए प्रीमियम नाम — छोटा, यादगार, SEO‑अनुकूल."
BirdEars.com,brandable_general,BirdEars.com – प्रीमियम ब्रांड नाम (Brandable General),"BirdEars.com ब्रेंडेबल, छोटा नाम, यादगार के लिए उपयुक्त प्रीमियम डोमेन है। छोटा, यादगार और SEO‑अनुकूल — ऑर्गैनिक ग्रोथ और विश्वसनीयता के लिए उत्कृष्ट.","BirdEars.com: ब्रेंडेबल, छोटा नाम और यादगार के लिए प्रीमियम नाम — छोटा, यादगार, SEO‑अनुकूल."
BeeProbe.com,brandable_general,BeeProbe.com – प्रीमियम ब्रांड नाम (Brandable General),"BeeProbe.com ब्रेंडेबल, छोटा नाम, यादगार के लिए उपयुक्त प्रीमियम डोमेन है। छोटा, यादगार और SEO‑अनुकूल — ऑर्गैनिक ग्रोथ और विश्वसनीयता के लिए उत्कृष्ट.","BeeProbe.com: ब्रेंडेबल, छोटा नाम और यादगार के लिए प्रीमियम नाम — छोटा, यादगार, SEO‑अनुकूल."
BeViews.com,brandable_general,BeViews.com – प्रीमियम ब्रांड नाम (Brandable General),"BeViews.com ब्रेंडेबल, छोटा नाम, यादगार के लिए उपयुक्त प्रीमियम डोमेन है। छोटा, यादगार और SEO‑अनुकूल — ऑर्गैनिक ग्रोथ और विश्वसनीयता के लिए उत्कृष्ट.","BeViews.com: ब्रेंडेबल, छोटा नाम और यादगार के लिए प्रीमियम नाम — छोटा, यादगार, SEO‑अनुकूल."
JointCup.com,brandable_general,JointCup.com – प्रीमियम ब्रांड नाम (Brandable General),"JointCup.com ब्रेंडेबल, छोटा नाम, यादगार के लिए उपयुक्त प्रीमियम डोमेन है। छोटा, यादगार और SEO‑अनुकूल — ऑर्गैनिक ग्रोथ और विश्वसनीयता के लिए उत्कृष्ट.","JointCup.com: ब्रेंडेबल, छोटा नाम और यादगार के लिए प्रीमियम नाम — छोटा, यादगार, SEO‑अनुकूल."
PumpLeaf.com,food_snack,PumpLeaf.com – प्रीमियम ब्रांड नाम (Food Snack),"PumpLeaf.com स्नैक, फूड ब्रांड, डिलीवरी के लिए उपयुक्त प्रीमियम डोमेन है। छोटा, यादगार और SEO‑अनुकूल — ऑर्गैनिक ग्रोथ और विश्वसनीयता के लिए उत्कृष्ट.","PumpLeaf.com: स्नैक, फूड ब्रांड और डिलीवरी के लिए प्रीमियम नाम — छोटा, यादगार, SEO‑अनुकूल."
IXAZ.com,brandable_general,IXAZ.com – प्रीमियम ब्रांड नाम (Brandable General),"IXAZ.com ब्रेंडेबल, छोटा नाम, यादगार के लिए उपयुक्त प्रीमियम डोमेन है। छोटा, यादगार और SEO‑अनुकूल — ऑर्गैनिक ग्रोथ और विश्वसनीयता के लिए उत्कृष्ट.","IXAZ.com: ब्रेंडेबल, छोटा नाम और यादगार के लिए प्रीमियम नाम — छोटा, यादगार, SEO‑अनुकूल."
Kwoy.com,brandable_general,Kwoy.com – प्रीमियम ब्रांड नाम (Brandable General),"Kwoy.com ब्रेंडेबल, छोटा नाम, यादगार के लिए उपयुक्त प्रीमियम डोमेन है। छोटा, यादगार और SEO‑अनुकूल — ऑर्गैनिक ग्रोथ और विश्वसनीयता के लिए उत्कृष्ट.","Kwoy.com: ब्रेंडेबल, छोटा नाम और यादगार के लिए प्रीमियम नाम — छोटा, यादगार, SEO‑अनुकूल."
Ago.me,brandable_general,Ago.me – प्रीमियम ब्रांड नाम (Brandable General),"Ago.me ब्रेंडेबल, छोटा नाम, यादगार के लिए उपयुक्त प्रीमियम डोमेन है। छोटा, यादगार और SEO‑अनुकूल — ऑर्गैनिक ग्रोथ और विश्वसनीयता के लिए उत्कृष्ट.","Ago.me: ब्रेंडेबल, छोटा नाम और यादगार के लिए प्रीमियम नाम — छोटा, यादगार, SEO‑अनुकूल."
AxisPanel.com,saas_dashboard,AxisPanel.com – प्रीमियम ब्रांड नाम (Saas Dashboard),"AxisPanel.com SaaS, डैशबोर्ड, B2B सॉफ़्टवेयर के लिए उपयुक्त प्रीमियम डोमेन है। छोटा, यादगार और SEO‑अनुकूल — ऑर्गैनिक ग्रोथ और विश्वसनीयता के लिए उत्कृष्ट.","AxisPanel.com: SaaS, डैशबोर्ड और B2B सॉफ़्टवेयर के लिए प्रीमियम नाम — छोटा, यादगार, SEO‑अनुकूल."
NutAxis.com,saas_dashboard,NutAxis.com – प्रीमियम ब्रांड नाम (Saas Dashboard),"NutAxis.com SaaS, डैशबोर्ड, B2B सॉफ़्टवेयर के लिए उपयुक्त प्रीमियम डोमेन है। छोटा, यादगार और SEO‑अनुकूल — ऑर्गैनिक ग्रोथ और विश्वसनीयता के लिए उत्कृष्ट.","NutAxis.com: SaaS, डैशबोर्ड और B2B सॉफ़्टवेयर के लिए प्रीमियम नाम — छोटा, यादगार, SEO‑अनुकूल."
BurgerOrbit.com,food_snack,BurgerOrbit.com – प्रीमियम ब्रांड नाम (Food Snack),"BurgerOrbit.com स्नैक, फूड ब्रांड, डिलीवरी के लिए उपयुक्त प्रीमियम डोमेन है। छोटा, यादगार और SEO‑अनुकूल — ऑर्गैनिक ग्रोथ और विश्वसनीयता के लिए उत्कृष्ट.","BurgerOrbit.com: स्नैक, फूड ब्रांड और डिलीवरी के लिए प्रीमियम नाम — छोटा, यादगार, SEO‑अनुकूल."
Insurens.com,insurance,Insurens.com – प्रीमियम ब्रांड नाम (Insurance),"Insurens.com बीमा, इंश्योरटेक, कवरेज के लिए उपयुक्त प्रीमियम डोमेन है। छोटा, यादगार और SEO‑अनुकूल — ऑर्गैनिक ग्रोथ और विश्वसनीयता के लिए उत्कृष्ट.","Insurens.com: बीमा, इंश्योरटेक और कवरेज के लिए प्रीमियम नाम — छोटा, यादगार, SEO‑अनुकूल."
Foxfuze.com,animals_strength,Foxfuze.com – प्रीमियम ब्रांड नाम (Animals Strength),"Foxfuze.com फिटनेस, आउटडोर, लीडरशिप के लिए उपयुक्त प्रीमियम डोमेन है। छोटा, यादगार और SEO‑अनुकूल — ऑर्गैनिक ग्रोथ और विश्वसनीयता के लिए उत्कृष्ट.","Foxfuze.com: फिटनेस, आउटडोर और लीडरशिप के लिए प्रीमियम नाम — छोटा, यादगार, SEO‑अनुकूल."
VillaTiger.com,real_estate,VillaTiger.com – प्रीमियम ब्रांड नाम (Real Estate),"VillaTiger.com रियल एस्टेट, प्रॉपटेक, लक्ज़री के लिए उपयुक्त प्रीमियम डोमेन है। छोटा, यादगार और SEO‑अनुकूल — ऑर्गैनिक ग्रोथ और विश्वसनीयता के लिए उत्कृष्ट.","VillaTiger.com: रियल एस्टेट, प्रॉपटेक और लक्ज़री के लिए प्रीमियम नाम — छोटा, यादगार, SEO‑अनुकूल."
DiligentFox.com,animals_strength,DiligentFox.com – प्रीमियम ब्रांड नाम (Animals Strength),"DiligentFox.com फिटनेस, आउटडोर, लीडरशिप के लिए उपयुक्त प्रीमियम डोमेन है। छोटा, यादगार और SEO‑अनुकूल — ऑर्गैनिक ग्रोथ और विश्वसनीयता के लिए उत्कृष्ट.","DiligentFox.com: फिटनेस, आउटडोर और लीडरशिप के लिए प्रीमियम नाम — छोटा, यादगार, SEO‑अनुकूल."
SquadDefend.com,security_privacy,SquadDefend.com – प्रीमियम ब्रांड नाम (Security Privacy),"SquadDefend.com साइबर सुरक्षा, प्राइवेसी, वॉल्ट के लिए उपयुक्त प्रीमियम डोमेन है। छोटा, यादगार और SEO‑अनुकूल — ऑर्गैनिक ग्रोथ और विश्वसनीयता के लिए उत्कृष्ट.","SquadDefend.com: साइबर सुरक्षा, प्राइवेसी और वॉल्ट के लिए प्रीमियम नाम — छोटा, यादगार, SEO‑अनुकूल."
Fullbison.com,animals_strength,Fullbison.com – प्रीमियम ब्रांड नाम (Animals Strength),"Fullbison.com फिटनेस, आउटडोर, लीडरशिप के लिए उपयुक्त प्रीमियम डोमेन है। छोटा, यादगार और SEO‑अनुकूल — ऑर्गैनिक ग्रोथ और विश्वसनीयता के लिए उत्कृष्ट.","Fullbison.com: फिटनेस, आउटडोर और लीडरशिप के लिए प्रीमियम नाम — छोटा, यादगार, SEO‑अनुकूल."
Beslan.com,brandable_general,Beslan.com – प्रीमियम ब्रांड नाम (Brandable General),"Beslan.com ब्रेंडेबल, छोटा नाम, यादगार के लिए उपयुक्त प्रीमियम डोमेन है। छोटा, यादगार और SEO‑अनुकूल — ऑर्गैनिक ग्रोथ और विश्वसनीयता के लिए उत्कृष्ट.","Beslan.com: ब्रेंडेबल, छोटा नाम और यादगार के लिए प्रीमियम नाम — छोटा, यादगार, SEO‑अनुकूल."
Bapup.com,brandable_general,Bapup.com – प्रीमियम ब्रांड नाम (Brandable General),"Bapup.com ब्रेंडेबल, छोटा नाम, यादगार के लिए उपयुक्त प्रीमियम डोमेन है। छोटा, यादगार और SEO‑अनुकूल — ऑर्गैनिक ग्रोथ और विश्वसनीयता के लिए उत्कृष्ट.","Bapup.com: ब्रेंडेबल, छोटा नाम और यादगार के लिए प्रीमियम नाम — छोटा, यादगार, SEO‑अनुकूल."
SwiftPrice.com,pricing_deals,SwiftPrice.com – प्रीमियम ब्रांड नाम (Pricing Deals),"SwiftPrice.com कीमत तुलना, डील्स, डायनेमिक प्राइसिंग के लिए उपयुक्त प्रीमियम डोमेन है। छोटा, यादगार और SEO‑अनुकूल — ऑर्गैनिक ग्रोथ और विश्वसनीयता के लिए उत्कृष्ट.","SwiftPrice.com: कीमत तुलना, डील्स और डायनेमिक प्राइसिंग के लिए प्रीमियम नाम — छोटा, यादगार, SEO‑अनुकूल."
LovelyNic.com,brandable_general,LovelyNic.com – प्रीमियम ब्रांड नाम (Brandable General),"LovelyNic.com ब्रेंडेबल, छोटा नाम, यादगार के लिए उपयुक्त प्रीमियम डोमेन है। छोटा, यादगार और SEO‑अनुकूल — ऑर्गैनिक ग्रोथ और विश्वसनीयता के लिए उत्कृष्ट.","LovelyNic.com: ब्रेंडेबल, छोटा नाम और यादगार के लिए प्रीमियम नाम — छोटा, यादगार, SEO‑अनुकूल."
WolfFleet.com,animals_strength,WolfFleet.com – प्रीमियम ब्रांड नाम (Animals Strength),"WolfFleet.com फिटनेस, आउटडोर, लीडरशिप के लिए उपयुक्त प्रीमियम डोमेन है। छोटा, यादगार और SEO‑अनुकूल — ऑर्गैनिक ग्रोथ और विश्वसनीयता के लिए उत्कृष्ट.","WolfFleet.com: फिटनेस, आउटडोर और लीडरशिप के लिए प्रीमियम नाम — छोटा, यादगार, SEO‑अनुकूल."
Soothelle.com,brandable_general,Soothelle.com – प्रीमियम ब्रांड नाम (Brandable General),"Soothelle.com ब्रेंडेबल, छोटा नाम, यादगार के लिए उपयुक्त प्रीमियम डोमेन है। छोटा, यादगार और SEO‑अनुकूल — ऑर्गैनिक ग्रोथ और विश्वसनीयता के लिए उत्कृष्ट.","Soothelle.com: ब्रेंडेबल, छोटा नाम और यादगार के लिए प्रीमियम नाम — छोटा, यादगार, SEO‑अनुकूल."
ColorfulBrains.com,brand_agency,ColorfulBrains.com – प्रीमियम ब्रांड नाम (Brand Agency),"ColorfulBrains.com branding, agency, creative के लिए उपयुक्त प्रीमियम डोमेन है। छोटा, यादगार और SEO‑अनुकूल — ऑर्गैनिक ग्रोथ और विश्वसनीयता के लिए उत्कृष्ट.","ColorfulBrains.com: branding, agency और creative के लिए प्रीमियम नाम — छोटा, यादगार, SEO‑अनुकूल."
Kurub.com,brandable_general,Kurub.com – प्रीमियम ब्रांड नाम (Brandable General),"Kurub.com ब्रेंडेबल, छोटा नाम, यादगार के लिए उपयुक्त प्रीमियम डोमेन है। छोटा, यादगार और SEO‑अनुकूल — ऑर्गैनिक ग्रोथ और विश्वसनीयता के लिए उत्कृष्ट.","Kurub.com: ब्रेंडेबल, छोटा नाम और यादगार के लिए प्रीमियम नाम — छोटा, यादगार, SEO‑अनुकूल."
LeoBlock.com,brandable_general,LeoBlock.com – प्रीमियम ब्रांड नाम (Brandable General),"LeoBlock.com ब्रेंडेबल, छोटा नाम, यादगार के लिए उपयुक्त प्रीमियम डोमेन है। छोटा, यादगार और SEO‑अनुकूल — ऑर्गैनिक ग्रोथ और विश्वसनीयता के लिए उत्कृष्ट.","LeoBlock.com: ब्रेंडेबल, छोटा नाम और यादगार के लिए प्रीमियम नाम — छोटा, यादगार, SEO‑अनुकूल."
Grisus.com,brandable_general,Grisus.com – प्रीमियम ब्रांड नाम (Brandable General),"Grisus.com ब्रेंडेबल, छोटा नाम, यादगार के लिए उपयुक्त प्रीमियम डोमेन है। छोटा, यादगार और SEO‑अनुकूल — ऑर्गैनिक ग्रोथ और विश्वसनीयता के लिए उत्कृष्ट.","Grisus.com: ब्रेंडेबल, छोटा नाम और यादगार के लिए प्रीमियम नाम — छोटा, यादगार, SEO‑अनुकूल."
GeniusScout.com,brand_agency,GeniusScout.com – प्रीमियम ब्रांड नाम (Brand Agency),"GeniusScout.com branding, agency, creative के लिए उपयुक्त प्रीमियम डोमेन है। छोटा, यादगार और SEO‑अनुकूल — ऑर्गैनिक ग्रोथ और विश्वसनीयता के लिए उत्कृष्ट.","GeniusScout.com: branding, agency और creative के लिए प्रीमियम नाम — छोटा, यादगार, SEO‑अनुकूल."
Nockit.com,brandable_general,Nockit.com – प्रीमियम ब्रांड नाम (Brandable General),"Nockit.com ब्रेंडेबल, छोटा नाम, यादगार के लिए उपयुक्त प्रीमियम डोमेन है। छोटा, यादगार और SEO‑अनुकूल — ऑर्गैनिक ग्रोथ और विश्वसनीयता के लिए उत्कृष्ट.","Nockit.com: ब्रेंडेबल, छोटा नाम और यादगार के लिए प्रीमियम नाम — छोटा, यादगार, SEO‑अनुकूल."
CleanBox.net,brandable_general,CleanBox.net – प्रीमियम ब्रांड नाम (Brandable General),"CleanBox.net ब्रेंडेबल, छोटा नाम, यादगार के लिए उपयुक्त प्रीमियम डोमेन है। छोटा, यादगार और SEO‑अनुकूल — ऑर्गैनिक ग्रोथ और विश्वसनीयता के लिए उत्कृष्ट.","CleanBox.net: ब्रेंडेबल, छोटा नाम और यादगार के लिए प्रीमियम नाम — छोटा, यादगार, SEO‑अनुकूल."
ToVogue.com,brandable_general,ToVogue.com – प्रीमियम ब्रांड नाम (Brandable General),"ToVogue.com ब्रेंडेबल, छोटा नाम, यादगार के लिए उपयुक्त प्रीमियम डोमेन है। छोटा, यादगार और SEO‑अनुकूल — ऑर्गैनिक ग्रोथ और विश्वसनीयता के लिए उत्कृष्ट.","ToVogue.com: ब्रेंडेबल, छोटा नाम और यादगार के लिए प्रीमियम नाम — छोटा, यादगार, SEO‑अनुकूल."
Bemif.com,brandable_general,Bemif.com – प्रीमियम ब्रांड नाम (Brandable General),"Bemif.com ब्रेंडेबल, छोटा नाम, यादगार के लिए उपयुक्त प्रीमियम डोमेन है। छोटा, यादगार और SEO‑अनुकूल — ऑर्गैनिक ग्रोथ और विश्वसनीयता के लिए उत्कृष्ट.","Bemif.com: ब्रेंडेबल, छोटा नाम और यादगार के लिए प्रीमियम नाम — छोटा, यादगार, SEO‑अनुकूल."
Bubev.com,brandable_general,Bubev.com – प्रीमियम ब्रांड नाम (Brandable General),"Bubev.com ब्रेंडेबल, छोटा नाम, यादगार के लिए उपयुक्त प्रीमियम डोमेन है। छोटा, यादगार और SEO‑अनुकूल — ऑर्गैनिक ग्रोथ और विश्वसनीयता के लिए उत्कृष्ट.","Bubev.com: ब्रेंडेबल, छोटा नाम और यादगार के लिए प्रीमियम नाम — छोटा, यादगार, SEO‑अनुकूल."
Kzrn.com,brandable_general,Kzrn.com – प्रीमियम ब्रांड नाम (Brandable General),"Kzrn.com ब्रेंडेबल, छोटा नाम, यादगार के लिए उपयुक्त प्रीमियम डोमेन है। छोटा, यादगार और SEO‑अनुकूल — ऑर्गैनिक ग्रोथ और विश्वसनीयता के लिए उत्कृष्ट.","Kzrn.com: ब्रेंडेबल, छोटा नाम और यादगार के लिए प्रीमियम नाम — छोटा, यादगार, SEO‑अनुकूल."
AiHarp.com,music_audio,AiHarp.com – प्रीमियम ब्रांड नाम (Music Audio),"AiHarp.com एआई संगीत, ऑडियो सॉफ़्टवेयर, साउंड डिज़ाइन के लिए उपयुक्त प्रीमियम डोमेन है। छोटा, यादगार और SEO‑अनुकूल — ऑर्गैनिक ग्रोथ और विश्वसनीयता के लिए उत्कृष्ट.","AiHarp.com: एआई संगीत, ऑडियो सॉफ़्टवेयर और साउंड डिज़ाइन के लिए प्रीमियम नाम — छोटा, यादगार, SEO‑अनुकूल."
ILKX.com,brandable_general,ILKX.com – प्रीमियम ब्रांड नाम (Brandable General),"ILKX.com ब्रेंडेबल, छोटा नाम, यादगार के लिए उपयुक्त प्रीमियम डोमेन है। छोटा, यादगार और SEO‑अनुकूल — ऑर्गैनिक ग्रोथ और विश्वसनीयता के लिए उत्कृष्ट.","ILKX.com: ब्रेंडेबल, छोटा नाम और यादगार के लिए प्रीमियम नाम — छोटा, यादगार, SEO‑अनुकूल."
Nisuvi.com,brandable_general,Nisuvi.com – प्रीमियम ब्रांड नाम (Brandable General),"Nisuvi.com ब्रेंडेबल, छोटा नाम, यादगार के लिए उपयुक्त प्रीमियम डोमेन है। छोटा, यादगार और SEO‑अनुकूल — ऑर्गैनिक ग्रोथ और विश्वसनीयता के लिए उत्कृष्ट.","Nisuvi.com: ब्रेंडेबल, छोटा नाम और यादगार के लिए प्रीमियम नाम — छोटा, यादगार, SEO‑अनुकूल."
ShinUp.com,brandable_general,ShinUp.com – प्रीमियम ब्रांड नाम (Brandable General),"ShinUp.com ब्रेंडेबल, छोटा नाम, यादगार के लिए उपयुक्त प्रीमियम डोमेन है। छोटा, यादगार और SEO‑अनुकूल — ऑर्गैनिक ग्रोथ और विश्वसनीयता के लिए उत्कृष्ट.","ShinUp.com: ब्रेंडेबल, छोटा नाम और यादगार के लिए प्रीमियम नाम — छोटा, यादगार, SEO‑अनुकूल."
CultureChord.com,brandable_general,CultureChord.com – प्रीमियम ब्रांड नाम (Brandable General),"CultureChord.com ब्रेंडेबल, छोटा नाम, यादगार के लिए उपयुक्त प्रीमियम डोमेन है। छोटा, यादगार और SEO‑अनुकूल — ऑर्गैनिक ग्रोथ और विश्वसनीयता के लिए उत्कृष्ट.","CultureChord.com: ब्रेंडेबल, छोटा नाम और यादगार के लिए प्रीमियम नाम — छोटा, यादगार, SEO‑अनुकूल."
CloutCrest.com,brandable_general,CloutCrest.com – प्रीमियम ब्रांड नाम (Brandable General),"CloutCrest.com ब्रेंडेबल, छोटा नाम, यादगार के लिए उपयुक्त प्रीमियम डोमेन है। छोटा, यादगार और SEO‑अनुकूल — ऑर्गैनिक ग्रोथ और विश्वसनीयता के लिए उत्कृष्ट.","CloutCrest.com: ब्रेंडेबल, छोटा नाम और यादगार के लिए प्रीमियम नाम — छोटा, यादगार, SEO‑अनुकूल."
